start_node,end_node,way_id,day,month,year,hour,agg,tracker_speed
36202597,36202835,23378734,3,4,2019,7,1.0,10.0
36202597,36202835,23378734,4,4,2019,15,1.0,23.0
36202597,36202835,23378734,6,4,2019,21,2.0,24.0
36202597,36202835,23378734,8,4,2019,17,2.0,3.0
36202597,36202835,23378734,8,4,2019,21,2.0,18.0
36202597,36202835,23378734,9,4,2019,6,1.0,32.0
36202597,36202835,23378734,9,4,2019,8,1.0,9.0
36202597,36202835,23378734,9,4,2019,15,1.0,28.0
36202835,248102146,23378734,2,4,2019,7,1.0,23.5
36202835,248102146,23378734,2,4,2019,10,1.0,5.0
36202835,248102146,23378734,2,4,2019,19,2.0,17.0
36202835,248102146,23378734,4,4,2019,10,1.0,26.0
36202835,248102146,23378734,4,4,2019,15,1.0,22.5
36202835,248102146,23378734,4,4,2019,17,2.0,3.0
36202835,248102146,23378734,4,4,2019,18,2.0,6.5
36202835,248102146,23378734,5,4,2019,6,1.0,5.0
36202835,248102146,23378734,5,4,2019,19,2.0,16.0
36202835,248102146,23378734,6,4,2019,19,2.0,18.0
36202835,248102146,23378734,6,4,2019,22,2.0,26.0
36202835,248102146,23378734,8,4,2019,1,1.0,12.0
36202835,248102146,23378734,8,4,2019,2,1.0,0.0
36202835,248102146,23378734,8,4,2019,4,1.0,9.0
36202835,248102146,23378734,8,4,2019,17,2.0,1.6666666666666667
36202835,248102146,23378734,8,4,2019,19,2.0,1.3333333333333333
36202835,248102146,23378734,8,4,2019,21,2.0,8.0
36202835,248102146,23378734,9,4,2019,7,1.0,71.0
36202835,248102146,23378734,9,4,2019,8,1.0,18.0
36202835,248102146,23378734,9,4,2019,19,2.0,17.0
36202835,248102146,23378734,10,4,2019,8,1.0,7.75
36202835,248102146,23378734,10,4,2019,9,1.0,0.0
36202835,248102146,23378734,10,4,2019,14,1.0,10.0
36202835,248102146,23378734,10,4,2019,18,2.0,1.0
36202835,248102146,23378734,10,4,2019,19,2.0,16.0
36202835,248102146,23378734,10,4,2019,21,2.0,16.0
132935330,248102510,23378734,2,4,2019,15,1.0,20.0
132935330,248102510,23378734,2,4,2019,20,2.0,27.0
132935330,248102510,23378734,2,4,2019,23,2.0,35.0
132935330,248102510,23378734,3,4,2019,7,1.0,15.0
132935330,248102510,23378734,4,4,2019,15,1.0,12.0
132935330,248102510,23378734,5,4,2019,12,1.0,5.5
132935330,248102510,23378734,5,4,2019,18,2.0,13.0
132935330,248102510,23378734,6,4,2019,18,2.0,26.0
132935330,248102510,23378734,7,4,2019,3,1.0,13.0
132935330,248102510,23378734,7,4,2019,17,2.0,35.0
132935330,248102510,23378734,7,4,2019,18,2.0,21.0
132935330,248102510,23378734,8,4,2019,14,1.0,29.0
132935330,248102510,23378734,8,4,2019,16,2.0,8.0
132935330,248102510,23378734,10,4,2019,4,1.0,12.0
132935330,248102510,23378734,10,4,2019,21,2.0,9.5
132935342,133063706,23378734,2,4,2019,18,2.0,5.0
132935342,133063706,23378734,4,4,2019,15,1.0,19.0
132935342,133063706,23378734,5,4,2019,10,1.0,6.0
132935342,133063706,23378734,6,4,2019,16,2.0,7.0
132935342,133063706,23378734,6,4,2019,18,2.0,0.0
132935342,133063706,23378734,6,4,2019,22,2.0,28.0
132935342,133063706,23378734,7,4,2019,7,1.0,21.0
132935342,133063706,23378734,7,4,2019,22,2.0,10.0
132939903,132939904,233822655,2,4,2019,4,1.0,57.0
132939903,132939904,233822655,2,4,2019,5,1.0,37.0
132939903,132939904,233822655,2,4,2019,9,1.0,20.0
132939903,132939904,233822655,2,4,2019,12,1.0,3.0
132939903,132939904,233822655,2,4,2019,13,1.0,8.0
132939903,132939904,233822655,2,4,2019,14,1.0,42.0
132939903,132939904,233822655,2,4,2019,17,2.0,22.0
132939903,132939904,233822655,2,4,2019,18,2.0,8.5
132939903,132939904,233822655,2,4,2019,21,2.0,30.0
132939903,132939904,233822655,3,4,2019,3,1.0,36.0
132939903,132939904,233822655,3,4,2019,7,1.0,35.0
132939903,132939904,233822655,3,4,2019,9,1.0,16.0
132939903,132939904,233822655,3,4,2019,10,1.0,30.0
132939903,132939904,233822655,3,4,2019,16,2.0,15.333333333333334
132939903,132939904,233822655,3,4,2019,17,2.0,20.5
132939903,132939904,233822655,3,4,2019,18,2.0,0.0
132939903,132939904,233822655,3,4,2019,19,2.0,22.5
132939903,132939904,233822655,3,4,2019,21,2.0,11.5
132939903,132939904,233822655,3,4,2019,22,2.0,23.0
132939903,132939904,233822655,3,4,2019,23,2.0,22.0
132939903,132939904,233822655,4,4,2019,0,0.0,11.0
132939903,132939904,233822655,4,4,2019,10,1.0,27.5
132939903,132939904,233822655,4,4,2019,13,1.0,15.0
132939903,132939904,233822655,4,4,2019,16,2.0,6.0
132939903,132939904,233822655,4,4,2019,17,2.0,2.1666666666666665
132939903,132939904,233822655,4,4,2019,18,2.0,7.0
132939903,132939904,233822655,4,4,2019,19,2.0,7.25
132939903,132939904,233822655,4,4,2019,20,2.0,15.0
132939903,132939904,233822655,4,4,2019,23,2.0,33.0
132939903,132939904,233822655,5,4,2019,3,1.0,25.0
132939903,132939904,233822655,5,4,2019,11,1.0,26.0
132939903,132939904,233822655,5,4,2019,13,1.0,12.5
132939903,132939904,233822655,5,4,2019,15,1.0,18.0
132939903,132939904,233822655,5,4,2019,16,2.0,20.5
132939903,132939904,233822655,5,4,2019,18,2.0,17.0
132939903,132939904,233822655,5,4,2019,20,2.0,19.0
132939903,132939904,233822655,5,4,2019,22,2.0,2.6666666666666665
132939903,132939904,233822655,5,4,2019,23,2.0,18.25
132939903,132939904,233822655,6,4,2019,0,0.0,0.7142857142857143
132939903,132939904,233822655,6,4,2019,8,1.0,11.0
132939903,132939904,233822655,6,4,2019,10,1.0,9.428571428571429
132939903,132939904,233822655,6,4,2019,13,1.0,9.0
132939903,132939904,233822655,6,4,2019,16,2.0,23.0
132939903,132939904,233822655,6,4,2019,17,2.0,16.0
132939903,132939904,233822655,6,4,2019,18,2.0,29.0
132939903,132939904,233822655,6,4,2019,19,2.0,0.0
132939903,132939904,233822655,6,4,2019,20,2.0,20.0
132939903,132939904,233822655,7,4,2019,0,0.0,36.0
132939903,132939904,233822655,7,4,2019,1,1.0,6.333333333333333
132939903,132939904,233822655,7,4,2019,2,1.0,0.0
132939903,132939904,233822655,7,4,2019,3,1.0,0.0
132939903,132939904,233822655,7,4,2019,4,1.0,4.153846153846154
132939903,132939904,233822655,7,4,2019,14,1.0,19.0
132939903,132939904,233822655,7,4,2019,16,2.0,9.0
132939903,132939904,233822655,7,4,2019,21,2.0,8.0
132939903,132939904,233822655,8,4,2019,5,1.0,9.5
132939903,132939904,233822655,8,4,2019,9,1.0,14.0
132939903,132939904,233822655,8,4,2019,12,1.0,17.5
132939903,132939904,233822655,8,4,2019,15,1.0,7.5
132939903,132939904,233822655,8,4,2019,16,2.0,22.0
132939903,132939904,233822655,8,4,2019,18,2.0,4.0
132939903,132939904,233822655,8,4,2019,19,2.0,18.0
132939903,132939904,233822655,8,4,2019,22,2.0,0.0
132939903,132939904,233822655,8,4,2019,23,2.0,5.555555555555555
132939903,132939904,233822655,9,4,2019,0,0.0,0.0
132939903,132939904,233822655,9,4,2019,1,1.0,1.3076923076923077
132939903,132939904,233822655,9,4,2019,7,1.0,0.0
132939903,132939904,233822655,9,4,2019,13,1.0,0.0
132939903,132939904,233822655,9,4,2019,14,1.0,12.0
132939903,132939904,233822655,9,4,2019,17,2.0,30.0
132939903,132939904,233822655,9,4,2019,18,2.0,19.0
132939903,132939904,233822655,9,4,2019,19,2.0,18.5
132939903,132939904,233822655,9,4,2019,20,2.0,15.0
132939903,132939904,233822655,9,4,2019,23,2.0,22.0
132939903,132939904,233822655,10,4,2019,5,1.0,4.666666666666667
132939903,132939904,233822655,10,4,2019,6,1.0,22.0
132939903,132939904,233822655,10,4,2019,8,1.0,14.0
132939903,132939904,233822655,10,4,2019,9,1.0,15.0
132939903,132939904,233822655,10,4,2019,11,1.0,25.0
132939903,132939904,233822655,10,4,2019,18,2.0,4.857142857142857
132939903,132939904,233822655,10,4,2019,21,2.0,13.5
132939903,132939904,233822655,10,4,2019,22,2.0,0.0
132939904,132939903,233822655,2,4,2019,0,0.0,28.0
132939904,132939903,233822655,2,4,2019,1,1.0,31.2
132939904,132939903,233822655,2,4,2019,2,1.0,34.5
132939904,132939903,233822655,2,4,2019,3,1.0,36.0
132939904,132939903,233822655,2,4,2019,7,1.0,37.0
132939904,132939903,233822655,2,4,2019,10,1.0,13.0
132939904,132939903,233822655,2,4,2019,11,1.0,3.3333333333333335
132939904,132939903,233822655,2,4,2019,12,1.0,0.5
132939904,132939903,233822655,2,4,2019,13,1.0,0.23809523809523808
132939904,132939903,233822655,2,4,2019,14,1.0,2.2083333333333335
132939904,132939903,233822655,2,4,2019,15,1.0,26.0
132939904,132939903,233822655,2,4,2019,16,2.0,23.5
132939904,132939903,233822655,2,4,2019,17,2.0,25.5
132939904,132939903,233822655,2,4,2019,19,2.0,10.0
132939904,132939903,233822655,2,4,2019,21,2.0,23.0
132939904,132939903,233822655,2,4,2019,22,2.0,32.0
132939904,132939903,233822655,3,4,2019,0,0.0,26.0
132939904,132939903,233822655,3,4,2019,2,1.0,38.0
132939904,132939903,233822655,3,4,2019,3,1.0,47.0
132939904,132939903,233822655,3,4,2019,4,1.0,23.0
132939904,132939903,233822655,3,4,2019,11,1.0,37.0
132939904,132939903,233822655,3,4,2019,12,1.0,11.0
132939904,132939903,233822655,3,4,2019,14,1.0,29.0
132939904,132939903,233822655,3,4,2019,15,1.0,19.333333333333332
132939904,132939903,233822655,3,4,2019,17,2.0,11.4
132939904,132939903,233822655,3,4,2019,18,2.0,19.0
132939904,132939903,233822655,3,4,2019,19,2.0,25.0
132939904,132939903,233822655,3,4,2019,21,2.0,7.0
132939904,132939903,233822655,3,4,2019,22,2.0,27.0
132939904,132939903,233822655,4,4,2019,0,0.0,20.5
132939904,132939903,233822655,4,4,2019,1,1.0,18.0
132939904,132939903,233822655,4,4,2019,2,1.0,28.5
132939904,132939903,233822655,4,4,2019,3,1.0,29.0
132939904,132939903,233822655,4,4,2019,4,1.0,27.0
132939904,132939903,233822655,4,4,2019,5,1.0,55.0
132939904,132939903,233822655,4,4,2019,6,1.0,45.0
132939904,132939903,233822655,4,4,2019,8,1.0,26.0
132939904,132939903,233822655,4,4,2019,12,1.0,29.0
132939904,132939903,233822655,4,4,2019,15,1.0,0.0
132939904,132939903,233822655,4,4,2019,17,2.0,0.0
132939904,132939903,233822655,4,4,2019,18,2.0,5.0
132939904,132939903,233822655,4,4,2019,19,2.0,16.5
132939904,132939903,233822655,4,4,2019,21,2.0,33.0
132939904,132939903,233822655,4,4,2019,22,2.0,26.0
132939904,132939903,233822655,5,4,2019,1,1.0,35.0
132939904,132939903,233822655,5,4,2019,9,1.0,28.5
132939904,132939903,233822655,5,4,2019,11,1.0,4.5
132939904,132939903,233822655,5,4,2019,12,1.0,8.0
132939904,132939903,233822655,5,4,2019,13,1.0,14.6
132939904,132939903,233822655,5,4,2019,15,1.0,27.5
132939904,132939903,233822655,5,4,2019,16,2.0,20.0
132939904,132939903,233822655,5,4,2019,17,2.0,17.0
132939904,132939903,233822655,5,4,2019,20,2.0,25.5
132939904,132939903,233822655,5,4,2019,21,2.0,31.0
132939904,132939903,233822655,5,4,2019,22,2.0,35.666666666666664
132939904,132939903,233822655,6,4,2019,0,0.0,2.5
132939904,132939903,233822655,6,4,2019,1,1.0,32.0
132939904,132939903,233822655,6,4,2019,3,1.0,37.0
132939904,132939903,233822655,6,4,2019,6,1.0,36.0
132939904,132939903,233822655,6,4,2019,7,1.0,32.5
132939904,132939903,233822655,6,4,2019,8,1.0,2.75
132939904,132939903,233822655,6,4,2019,10,1.0,28.0
132939904,132939903,233822655,6,4,2019,13,1.0,36.5
132939904,132939903,233822655,6,4,2019,14,1.0,27.5
132939904,132939903,233822655,6,4,2019,15,1.0,22.5
132939904,132939903,233822655,6,4,2019,16,2.0,13.285714285714286
132939904,132939903,233822655,6,4,2019,17,2.0,27.5
132939904,132939903,233822655,6,4,2019,18,2.0,6.75
132939904,132939903,233822655,6,4,2019,19,2.0,24.0
132939904,132939903,233822655,6,4,2019,20,2.0,27.333333333333332
132939904,132939903,233822655,6,4,2019,21,2.0,10.333333333333334
132939904,132939903,233822655,6,4,2019,22,2.0,32.0
132939904,132939903,233822655,7,4,2019,0,0.0,24.0
132939904,132939903,233822655,7,4,2019,3,1.0,0.0
132939904,132939903,233822655,7,4,2019,4,1.0,54.0
132939904,132939903,233822655,7,4,2019,5,1.0,23.0
132939904,132939903,233822655,7,4,2019,7,1.0,47.0
132939904,132939903,233822655,7,4,2019,13,1.0,31.0
132939904,132939903,233822655,7,4,2019,14,1.0,23.0
132939904,132939903,233822655,7,4,2019,15,1.0,19.666666666666668
132939904,132939903,233822655,7,4,2019,18,2.0,0.5
132939904,132939903,233822655,7,4,2019,19,2.0,0.0
132939904,132939903,233822655,7,4,2019,20,2.0,2.8333333333333335
132939904,132939903,233822655,7,4,2019,21,2.0,0.0
132939904,132939903,233822655,7,4,2019,22,2.0,6.75
132939904,132939903,233822655,7,4,2019,23,2.0,0.0
132939904,132939903,233822655,8,4,2019,0,0.0,0.0
132939904,132939903,233822655,8,4,2019,1,1.0,6.285714285714286
132939904,132939903,233822655,8,4,2019,5,1.0,38.0
132939904,132939903,233822655,8,4,2019,11,1.0,30.0
132939904,132939903,233822655,8,4,2019,12,1.0,24.0
132939904,132939903,233822655,8,4,2019,13,1.0,14.0
132939904,132939903,233822655,8,4,2019,14,1.0,21.5
132939904,132939903,233822655,8,4,2019,15,1.0,30.0
132939904,132939903,233822655,8,4,2019,16,2.0,15.333333333333334
132939904,132939903,233822655,8,4,2019,17,2.0,0.0
132939904,132939903,233822655,8,4,2019,18,2.0,12.5
132939904,132939903,233822655,8,4,2019,19,2.0,11.0
132939904,132939903,233822655,8,4,2019,21,2.0,12.0
132939904,132939903,233822655,9,4,2019,2,1.0,29.0
132939904,132939903,233822655,9,4,2019,4,1.0,34.0
132939904,132939903,233822655,9,4,2019,6,1.0,41.0
132939904,132939903,233822655,9,4,2019,9,1.0,20.0
132939904,132939903,233822655,9,4,2019,11,1.0,41.0
132939904,132939903,233822655,9,4,2019,12,1.0,19.0
132939904,132939903,233822655,9,4,2019,13,1.0,23.0
132939904,132939903,233822655,9,4,2019,14,1.0,34.0
132939904,132939903,233822655,9,4,2019,15,1.0,16.0
132939904,132939903,233822655,9,4,2019,16,2.0,26.0
132939904,132939903,233822655,9,4,2019,17,2.0,16.0
132939904,132939903,233822655,9,4,2019,19,2.0,28.0
132939904,132939903,233822655,9,4,2019,20,2.0,12.5
132939904,132939903,233822655,9,4,2019,21,2.0,12.0
132939904,132939903,233822655,9,4,2019,22,2.0,15.0
132939904,132939903,233822655,10,4,2019,1,1.0,36.0
132939904,132939903,233822655,10,4,2019,5,1.0,25.0
132939904,132939903,233822655,10,4,2019,6,1.0,25.0
132939904,132939903,233822655,10,4,2019,10,1.0,10.0
132939904,132939903,233822655,10,4,2019,11,1.0,7.0
132939904,132939903,233822655,10,4,2019,12,1.0,32.0
132939904,132939903,233822655,10,4,2019,14,1.0,19.4
132939904,132939903,233822655,10,4,2019,15,1.0,29.5
132939904,132939903,233822655,10,4,2019,17,2.0,0.0
132939904,132939903,233822655,10,4,2019,18,2.0,3.8333333333333335
132939904,132939903,233822655,10,4,2019,21,2.0,12.666666666666666
132939904,132939903,233822655,10,4,2019,22,2.0,0.0
248102146,132935330,23378734,2,4,2019,7,1.0,43.0
248102146,132935330,23378734,2,4,2019,10,1.0,13.0
248102146,132935330,23378734,2,4,2019,19,2.0,26.0
248102146,132935330,23378734,2,4,2019,20,2.0,5.0
248102146,132935330,23378734,3,4,2019,7,1.0,41.5
248102146,132935330,23378734,4,4,2019,6,1.0,35.0
248102146,132935330,23378734,4,4,2019,15,1.0,15.571428571428571
248102146,132935330,23378734,4,4,2019,18,2.0,0.0
248102146,132935330,23378734,5,4,2019,10,1.0,27.0
248102146,132935330,23378734,5,4,2019,19,2.0,21.0
248102146,132935330,23378734,6,4,2019,8,1.0,26.0
248102146,132935330,23378734,6,4,2019,20,2.0,11.0
248102146,132935330,23378734,7,4,2019,2,1.0,16.0
248102146,132935330,23378734,7,4,2019,5,1.0,27.0
248102146,132935330,23378734,7,4,2019,16,2.0,16.0
248102146,132935330,23378734,8,4,2019,2,1.0,5.0
248102146,132935330,23378734,8,4,2019,17,2.0,1.5
248102146,132935330,23378734,8,4,2019,19,2.0,18.5
248102146,132935330,23378734,10,4,2019,16,2.0,6.0
248102146,132935330,23378734,10,4,2019,19,2.0,26.0
248102146,132935330,23378734,10,4,2019,21,2.0,13.0
250133284,305775137,233822655,2,4,2019,0,0.0,21.0
250133284,305775137,233822655,2,4,2019,5,1.0,14.0
250133284,305775137,233822655,2,4,2019,6,1.0,12.0
250133284,305775137,233822655,2,4,2019,8,1.0,20.0
250133284,305775137,233822655,2,4,2019,9,1.0,19.0
250133284,305775137,233822655,2,4,2019,10,1.0,10.583333333333334
250133284,305775137,233822655,2,4,2019,11,1.0,11.25
250133284,305775137,233822655,2,4,2019,12,1.0,32.333333333333336
250133284,305775137,233822655,2,4,2019,13,1.0,13.6
250133284,305775137,233822655,2,4,2019,14,1.0,15.0
250133284,305775137,233822655,2,4,2019,16,2.0,18.5
250133284,305775137,233822655,2,4,2019,17,2.0,14.666666666666666
250133284,305775137,233822655,2,4,2019,18,2.0,18.0
250133284,305775137,233822655,2,4,2019,19,2.0,13.333333333333334
250133284,305775137,233822655,2,4,2019,20,2.0,9.0
250133284,305775137,233822655,2,4,2019,21,2.0,4.0
250133284,305775137,233822655,2,4,2019,23,2.0,10.0
250133284,305775137,233822655,3,4,2019,0,0.0,10.5
250133284,305775137,233822655,3,4,2019,1,1.0,14.666666666666666
250133284,305775137,233822655,3,4,2019,3,1.0,27.0
250133284,305775137,233822655,3,4,2019,4,1.0,17.333333333333332
250133284,305775137,233822655,3,4,2019,6,1.0,36.25
250133284,305775137,233822655,3,4,2019,7,1.0,13.5
250133284,305775137,233822655,3,4,2019,8,1.0,12.25
250133284,305775137,233822655,3,4,2019,9,1.0,14.0
250133284,305775137,233822655,3,4,2019,10,1.0,19.333333333333332
250133284,305775137,233822655,3,4,2019,11,1.0,19.333333333333332
250133284,305775137,233822655,3,4,2019,12,1.0,13.0
250133284,305775137,233822655,3,4,2019,14,1.0,13.0
250133284,305775137,233822655,3,4,2019,15,1.0,18.0
250133284,305775137,233822655,3,4,2019,16,2.0,19.0
250133284,305775137,233822655,3,4,2019,17,2.0,11.833333333333334
250133284,305775137,233822655,3,4,2019,18,2.0,15.0
250133284,305775137,233822655,3,4,2019,19,2.0,13.5
250133284,305775137,233822655,3,4,2019,20,2.0,0.0
250133284,305775137,233822655,3,4,2019,21,2.0,22.333333333333332
250133284,305775137,233822655,3,4,2019,22,2.0,17.0
250133284,305775137,233822655,3,4,2019,23,2.0,16.0
250133284,305775137,233822655,4,4,2019,0,0.0,14.0
250133284,305775137,233822655,4,4,2019,6,1.0,5.0
250133284,305775137,233822655,4,4,2019,8,1.0,17.0
250133284,305775137,233822655,4,4,2019,9,1.0,16.5
250133284,305775137,233822655,4,4,2019,10,1.0,17.5
250133284,305775137,233822655,4,4,2019,11,1.0,18.5
250133284,305775137,233822655,4,4,2019,12,1.0,19.25
250133284,305775137,233822655,4,4,2019,14,1.0,10.0
250133284,305775137,233822655,4,4,2019,15,1.0,7.6
250133284,305775137,233822655,4,4,2019,16,2.0,10.2
250133284,305775137,233822655,4,4,2019,17,2.0,15.4
250133284,305775137,233822655,4,4,2019,18,2.0,7.625
250133284,305775137,233822655,4,4,2019,19,2.0,20.333333333333332
250133284,305775137,233822655,4,4,2019,20,2.0,10.285714285714286
250133284,305775137,233822655,4,4,2019,21,2.0,13.25
250133284,305775137,233822655,4,4,2019,22,2.0,40.0
250133284,305775137,233822655,5,4,2019,0,0.0,12.75
250133284,305775137,233822655,5,4,2019,1,1.0,4.0
250133284,305775137,233822655,5,4,2019,4,1.0,19.666666666666668
250133284,305775137,233822655,5,4,2019,8,1.0,17.25
250133284,305775137,233822655,5,4,2019,9,1.0,14.8
250133284,305775137,233822655,5,4,2019,10,1.0,18.166666666666668
250133284,305775137,233822655,5,4,2019,11,1.0,15.666666666666666
250133284,305775137,233822655,5,4,2019,12,1.0,11.25
250133284,305775137,233822655,5,4,2019,13,1.0,13.2
250133284,305775137,233822655,5,4,2019,14,1.0,17.333333333333332
250133284,305775137,233822655,5,4,2019,15,1.0,9.6
250133284,305775137,233822655,5,4,2019,16,2.0,10.0
250133284,305775137,233822655,5,4,2019,17,2.0,10.857142857142858
250133284,305775137,233822655,5,4,2019,18,2.0,18.0
250133284,305775137,233822655,5,4,2019,19,2.0,8.5
250133284,305775137,233822655,5,4,2019,20,2.0,16.5
250133284,305775137,233822655,5,4,2019,21,2.0,21.0
250133284,305775137,233822655,5,4,2019,22,2.0,15.166666666666666
250133284,305775137,233822655,5,4,2019,23,2.0,16.142857142857142
250133284,305775137,233822655,6,4,2019,0,0.0,6.0
250133284,305775137,233822655,6,4,2019,1,1.0,24.0
250133284,305775137,233822655,6,4,2019,3,1.0,13.0
250133284,305775137,233822655,6,4,2019,4,1.0,29.333333333333332
250133284,305775137,233822655,6,4,2019,7,1.0,15.0
250133284,305775137,233822655,6,4,2019,8,1.0,13.0
250133284,305775137,233822655,6,4,2019,10,1.0,17.0
250133284,305775137,233822655,6,4,2019,11,1.0,20.5
250133284,305775137,233822655,6,4,2019,12,1.0,18.0
250133284,305775137,233822655,6,4,2019,13,1.0,8.0
250133284,305775137,233822655,6,4,2019,15,1.0,19.0
250133284,305775137,233822655,6,4,2019,16,2.0,11.0
250133284,305775137,233822655,6,4,2019,17,2.0,14.545454545454545
250133284,305775137,233822655,6,4,2019,18,2.0,19.0
250133284,305775137,233822655,6,4,2019,20,2.0,15.0
250133284,305775137,233822655,6,4,2019,21,2.0,11.5
250133284,305775137,233822655,6,4,2019,22,2.0,10.25
250133284,305775137,233822655,7,4,2019,1,1.0,7.666666666666667
250133284,305775137,233822655,7,4,2019,3,1.0,8.5
250133284,305775137,233822655,7,4,2019,4,1.0,10.333333333333334
250133284,305775137,233822655,7,4,2019,9,1.0,23.25
250133284,305775137,233822655,7,4,2019,10,1.0,15.6
250133284,305775137,233822655,7,4,2019,11,1.0,22.5
250133284,305775137,233822655,7,4,2019,12,1.0,19.75
250133284,305775137,233822655,7,4,2019,13,1.0,11.75
250133284,305775137,233822655,7,4,2019,14,1.0,20.0
250133284,305775137,233822655,7,4,2019,15,1.0,21.0
250133284,305775137,233822655,7,4,2019,17,2.0,17.333333333333332
250133284,305775137,233822655,7,4,2019,18,2.0,16.0
250133284,305775137,233822655,7,4,2019,19,2.0,11.75
250133284,305775137,233822655,7,4,2019,20,2.0,13.0
250133284,305775137,233822655,7,4,2019,21,2.0,18.0
250133284,305775137,233822655,7,4,2019,22,2.0,14.0
250133284,305775137,233822655,7,4,2019,23,2.0,22.0
250133284,305775137,233822655,8,4,2019,0,0.0,16.0
250133284,305775137,233822655,8,4,2019,1,1.0,21.25
250133284,305775137,233822655,8,4,2019,2,1.0,12.0
250133284,305775137,233822655,8,4,2019,3,1.0,12.0
250133284,305775137,233822655,8,4,2019,5,1.0,17.75
250133284,305775137,233822655,8,4,2019,8,1.0,8.666666666666666
250133284,305775137,233822655,8,4,2019,9,1.0,15.0
250133284,305775137,233822655,8,4,2019,10,1.0,16.0
250133284,305775137,233822655,8,4,2019,11,1.0,18.5
250133284,305775137,233822655,8,4,2019,12,1.0,14.571428571428571
250133284,305775137,233822655,8,4,2019,13,1.0,21.8
250133284,305775137,233822655,8,4,2019,14,1.0,8.6
250133284,305775137,233822655,8,4,2019,15,1.0,11.375
250133284,305775137,233822655,8,4,2019,16,2.0,11.833333333333334
250133284,305775137,233822655,8,4,2019,17,2.0,14.25
250133284,305775137,233822655,8,4,2019,18,2.0,15.5
250133284,305775137,233822655,8,4,2019,19,2.0,15.666666666666666
250133284,305775137,233822655,8,4,2019,20,2.0,15.0
250133284,305775137,233822655,8,4,2019,21,2.0,12.333333333333334
250133284,305775137,233822655,8,4,2019,22,2.0,10.0
250133284,305775137,233822655,9,4,2019,0,0.0,11.0
250133284,305775137,233822655,9,4,2019,3,1.0,25.0
250133284,305775137,233822655,9,4,2019,5,1.0,15.666666666666666
250133284,305775137,233822655,9,4,2019,7,1.0,14.0
250133284,305775137,233822655,9,4,2019,8,1.0,12.0
250133284,305775137,233822655,9,4,2019,9,1.0,16.5
250133284,305775137,233822655,9,4,2019,10,1.0,9.5
250133284,305775137,233822655,9,4,2019,11,1.0,25.333333333333332
250133284,305775137,233822655,9,4,2019,12,1.0,16.714285714285715
250133284,305775137,233822655,9,4,2019,13,1.0,15.0
250133284,305775137,233822655,9,4,2019,14,1.0,32.0
250133284,305775137,233822655,9,4,2019,15,1.0,18.5
250133284,305775137,233822655,9,4,2019,16,2.0,10.25
250133284,305775137,233822655,9,4,2019,18,2.0,7.0
250133284,305775137,233822655,9,4,2019,19,2.0,10.0
250133284,305775137,233822655,9,4,2019,20,2.0,0.0
250133284,305775137,233822655,9,4,2019,21,2.0,20.5
250133284,305775137,233822655,10,4,2019,0,0.0,33.0
250133284,305775137,233822655,10,4,2019,3,1.0,24.0
250133284,305775137,233822655,10,4,2019,6,1.0,24.666666666666668
250133284,305775137,233822655,10,4,2019,8,1.0,15.5
250133284,305775137,233822655,10,4,2019,9,1.0,23.0
250133284,305775137,233822655,10,4,2019,10,1.0,12.8
250133284,305775137,233822655,10,4,2019,11,1.0,9.625
250133284,305775137,233822655,10,4,2019,12,1.0,22.333333333333332
250133284,305775137,233822655,10,4,2019,14,1.0,16.4
250133284,305775137,233822655,10,4,2019,15,1.0,16.0
250133284,305775137,233822655,10,4,2019,16,2.0,12.2
250133284,305775137,233822655,10,4,2019,17,2.0,12.5
250133284,305775137,233822655,10,4,2019,18,2.0,8.25
250133284,305775137,233822655,10,4,2019,19,2.0,15.25
250133284,305775137,233822655,10,4,2019,20,2.0,9.0
250133284,305775137,233822655,10,4,2019,21,2.0,8.272727272727273
250133284,305775137,233822655,10,4,2019,22,2.0,16.0
250133284,305775137,233822655,10,4,2019,23,2.0,12.5
250133285,253124562,23378734,2,4,2019,1,1.0,17.0
250133285,253124562,23378734,2,4,2019,6,1.0,5.0
250133285,253124562,23378734,2,4,2019,10,1.0,9.75
250133285,253124562,23378734,2,4,2019,18,2.0,14.333333333333334
250133285,253124562,23378734,2,4,2019,21,2.0,8.0
250133285,253124562,23378734,2,4,2019,23,2.0,32.0
250133285,253124562,23378734,3,4,2019,1,1.0,38.0
250133285,253124562,23378734,3,4,2019,5,1.0,5.0
250133285,253124562,23378734,3,4,2019,8,1.0,10.25
250133285,253124562,23378734,3,4,2019,17,2.0,9.0
250133285,253124562,23378734,3,4,2019,19,2.0,6.0
250133285,253124562,23378734,3,4,2019,21,2.0,6.0
250133285,253124562,23378734,4,4,2019,3,1.0,41.0
250133285,253124562,23378734,4,4,2019,10,1.0,0.0
250133285,253124562,23378734,4,4,2019,12,1.0,18.5
250133285,253124562,23378734,4,4,2019,14,1.0,19.0
250133285,253124562,23378734,4,4,2019,15,1.0,3.0285714285714285
250133285,253124562,23378734,4,4,2019,16,2.0,9.0
250133285,253124562,23378734,4,4,2019,17,2.0,0.0
250133285,253124562,23378734,4,4,2019,18,2.0,4.0
250133285,253124562,23378734,4,4,2019,19,2.0,4.0
250133285,253124562,23378734,4,4,2019,21,2.0,10.0
250133285,253124562,23378734,4,4,2019,22,2.0,8.0
250133285,253124562,23378734,5,4,2019,2,1.0,23.0
250133285,253124562,23378734,5,4,2019,7,1.0,8.0
250133285,253124562,23378734,5,4,2019,8,1.0,11.0
250133285,253124562,23378734,5,4,2019,9,1.0,22.0
250133285,253124562,23378734,5,4,2019,11,1.0,28.0
250133285,253124562,23378734,5,4,2019,12,1.0,8.0
250133285,253124562,23378734,5,4,2019,14,1.0,31.0
250133285,253124562,23378734,5,4,2019,19,2.0,6.666666666666667
250133285,253124562,23378734,5,4,2019,20,2.0,12.0
250133285,253124562,23378734,5,4,2019,21,2.0,29.0
250133285,253124562,23378734,5,4,2019,22,2.0,6.75
250133285,253124562,23378734,6,4,2019,3,1.0,13.5
250133285,253124562,23378734,6,4,2019,6,1.0,15.5
250133285,253124562,23378734,6,4,2019,8,1.0,7.0
250133285,253124562,23378734,6,4,2019,10,1.0,5.5
250133285,253124562,23378734,6,4,2019,11,1.0,17.5
250133285,253124562,23378734,6,4,2019,18,2.0,11.0
250133285,253124562,23378734,6,4,2019,21,2.0,1.0
250133285,253124562,23378734,7,4,2019,2,1.0,10.0
250133285,253124562,23378734,7,4,2019,7,1.0,32.5
250133285,253124562,23378734,7,4,2019,15,1.0,29.0
250133285,253124562,23378734,7,4,2019,16,2.0,29.0
250133285,253124562,23378734,7,4,2019,22,2.0,13.0
250133285,253124562,23378734,8,4,2019,0,0.0,7.25
250133285,253124562,23378734,8,4,2019,1,1.0,8.0
250133285,253124562,23378734,8,4,2019,2,1.0,5.0
250133285,253124562,23378734,8,4,2019,16,2.0,9.0
250133285,253124562,23378734,8,4,2019,17,2.0,5.0
250133285,253124562,23378734,8,4,2019,18,2.0,4.0
250133285,253124562,23378734,8,4,2019,19,2.0,8.0
250133285,253124562,23378734,8,4,2019,22,2.0,13.0
250133285,253124562,23378734,9,4,2019,0,0.0,5.0
250133285,253124562,23378734,9,4,2019,6,1.0,41.0
250133285,253124562,23378734,9,4,2019,7,1.0,57.0
250133285,253124562,23378734,9,4,2019,11,1.0,25.0
250133285,253124562,23378734,9,4,2019,13,1.0,5.0
250133285,253124562,23378734,9,4,2019,18,2.0,21.0
250133285,253124562,23378734,9,4,2019,19,2.0,4.0
250133285,253124562,23378734,9,4,2019,22,2.0,10.0
250133285,253124562,23378734,10,4,2019,2,1.0,29.0
250133285,253124562,23378734,10,4,2019,4,1.0,24.0
250133285,253124562,23378734,10,4,2019,5,1.0,25.0
250133285,253124562,23378734,10,4,2019,12,1.0,19.0
250133285,253124562,23378734,10,4,2019,17,2.0,12.0
250133285,253124562,23378734,10,4,2019,18,2.0,0.0
250133285,253124562,23378734,10,4,2019,21,2.0,13.75
250133285,253124562,23378734,10,4,2019,22,2.0,13.5
258726077,305775159,23378734,3,4,2019,16,2.0,17.0
258726077,305775159,23378734,5,4,2019,18,2.0,6.0
258726077,305775159,23378734,6,4,2019,16,2.0,11.0
258726077,305775159,23378734,6,4,2019,18,2.0,13.0
258726077,305775159,23378734,9,4,2019,9,1.0,12.0
258726077,305775159,23378734,10,4,2019,8,1.0,18.0
258726077,305775159,23378734,10,4,2019,17,2.0,15.0
305775137,132939906,233822655,2,4,2019,6,1.0,0.0
305775137,132939906,233822655,2,4,2019,10,1.0,11.0
305775137,132939906,233822655,2,4,2019,12,1.0,15.0
305775137,132939906,233822655,2,4,2019,15,1.0,32.0
305775137,132939906,233822655,2,4,2019,16,2.0,9.0
305775137,132939906,233822655,2,4,2019,23,2.0,28.0
305775137,132939906,233822655,3,4,2019,0,0.0,30.0
305775137,132939906,233822655,3,4,2019,1,1.0,4.25
305775137,132939906,233822655,3,4,2019,4,1.0,7.5
305775137,132939906,233822655,3,4,2019,9,1.0,43.0
305775137,132939906,233822655,3,4,2019,14,1.0,3.0
305775137,132939906,233822655,3,4,2019,16,2.0,6.0
305775137,132939906,233822655,3,4,2019,17,2.0,16.0
305775137,132939906,233822655,3,4,2019,19,2.0,12.0
305775137,132939906,233822655,3,4,2019,21,2.0,8.0
305775137,132939906,233822655,3,4,2019,22,2.0,21.0
305775137,132939906,233822655,4,4,2019,0,0.0,31.0
305775137,132939906,233822655,4,4,2019,1,1.0,0.0
305775137,132939906,233822655,4,4,2019,3,1.0,0.0
305775137,132939906,233822655,4,4,2019,7,1.0,31.0
305775137,132939906,233822655,4,4,2019,10,1.0,3.0
305775137,132939906,233822655,4,4,2019,15,1.0,7.0
305775137,132939906,233822655,4,4,2019,16,2.0,8.5
305775137,132939906,233822655,4,4,2019,17,2.0,8.0
305775137,132939906,233822655,4,4,2019,20,2.0,8.0
305775137,132939906,233822655,5,4,2019,1,1.0,16.5
305775137,132939906,233822655,5,4,2019,5,1.0,33.0
305775137,132939906,233822655,5,4,2019,10,1.0,31.0
305775137,132939906,233822655,5,4,2019,11,1.0,6.166666666666667
305775137,132939906,233822655,5,4,2019,15,1.0,22.0
305775137,132939906,233822655,6,4,2019,9,1.0,26.0
305775137,132939906,233822655,6,4,2019,10,1.0,27.0
305775137,132939906,233822655,6,4,2019,16,2.0,11.0
305775137,132939906,233822655,6,4,2019,17,2.0,14.0
305775137,132939906,233822655,6,4,2019,18,2.0,11.0
305775137,132939906,233822655,6,4,2019,19,2.0,30.0
305775137,132939906,233822655,6,4,2019,21,2.0,4.0
305775137,132939906,233822655,6,4,2019,22,2.0,30.0
305775137,132939906,233822655,7,4,2019,0,0.0,20.5
305775137,132939906,233822655,7,4,2019,4,1.0,20.0
305775137,132939906,233822655,7,4,2019,9,1.0,0.0
305775137,132939906,233822655,7,4,2019,15,1.0,21.0
305775137,132939906,233822655,7,4,2019,20,2.0,12.0
305775137,132939906,233822655,7,4,2019,21,2.0,36.0
305775137,132939906,233822655,8,4,2019,9,1.0,8.0
305775137,132939906,233822655,8,4,2019,10,1.0,20.0
305775137,132939906,233822655,8,4,2019,12,1.0,0.0
305775137,132939906,233822655,8,4,2019,14,1.0,25.0
305775137,132939906,233822655,8,4,2019,16,2.0,5.5
305775137,132939906,233822655,8,4,2019,17,2.0,4.0
305775137,132939906,233822655,8,4,2019,18,2.0,11.0
305775137,132939906,233822655,8,4,2019,19,2.0,10.25
305775137,132939906,233822655,8,4,2019,21,2.0,20.0
305775137,132939906,233822655,9,4,2019,0,0.0,11.0
305775137,132939906,233822655,9,4,2019,5,1.0,16.0
305775137,132939906,233822655,9,4,2019,9,1.0,32.0
305775137,132939906,233822655,9,4,2019,12,1.0,28.0
305775137,132939906,233822655,9,4,2019,15,1.0,26.5
305775137,132939906,233822655,9,4,2019,16,2.0,14.0
305775137,132939906,233822655,9,4,2019,18,2.0,19.0
305775137,132939906,233822655,9,4,2019,19,2.0,0.0
305775137,132939906,233822655,9,4,2019,20,2.0,5.5
305775137,132939906,233822655,9,4,2019,21,2.0,15.0
305775137,132939906,233822655,9,4,2019,22,2.0,15.0
305775137,132939906,233822655,10,4,2019,0,0.0,25.0
305775137,132939906,233822655,10,4,2019,6,1.0,15.0
305775137,132939906,233822655,10,4,2019,7,1.0,21.0
305775137,132939906,233822655,10,4,2019,8,1.0,15.0
305775137,132939906,233822655,10,4,2019,10,1.0,15.666666666666666
305775137,132939906,233822655,10,4,2019,12,1.0,18.0
305775137,132939906,233822655,10,4,2019,16,2.0,36.0
305775137,132939906,233822655,10,4,2019,17,2.0,14.0
305775137,132939906,233822655,10,4,2019,18,2.0,8.333333333333334
305775137,132939906,233822655,10,4,2019,19,2.0,7.0
305775137,132939906,233822655,10,4,2019,21,2.0,6.333333333333333
305775137,132939906,233822655,10,4,2019,22,2.0,7.0
305775137,305775149,233822655,2,4,2019,7,1.0,10.5
305775137,305775149,233822655,2,4,2019,9,1.0,16.0
305775137,305775149,233822655,2,4,2019,10,1.0,16.333333333333332
305775137,305775149,233822655,2,4,2019,16,2.0,12.0
305775137,305775149,233822655,2,4,2019,19,2.0,15.0
305775137,305775149,233822655,2,4,2019,21,2.0,9.0
305775137,305775149,233822655,2,4,2019,23,2.0,22.0
305775137,305775149,233822655,3,4,2019,0,0.0,5.0
305775137,305775149,233822655,3,4,2019,1,1.0,6.0
305775137,305775149,233822655,3,4,2019,9,1.0,14.0
305775137,305775149,233822655,3,4,2019,11,1.0,19.0
305775137,305775149,233822655,3,4,2019,12,1.0,10.0
305775137,305775149,233822655,3,4,2019,15,1.0,13.0
305775137,305775149,233822655,3,4,2019,16,2.0,18.5
305775137,305775149,233822655,3,4,2019,18,2.0,15.333333333333334
305775137,305775149,233822655,3,4,2019,19,2.0,14.0
305775137,305775149,233822655,3,4,2019,21,2.0,17.0
305775137,305775149,233822655,4,4,2019,4,1.0,21.0
305775137,305775149,233822655,4,4,2019,6,1.0,23.0
305775137,305775149,233822655,4,4,2019,7,1.0,5.0
305775137,305775149,233822655,4,4,2019,10,1.0,15.5
305775137,305775149,233822655,4,4,2019,11,1.0,10.0
305775137,305775149,233822655,4,4,2019,12,1.0,7.0
305775137,305775149,233822655,4,4,2019,14,1.0,15.0
305775137,305775149,233822655,4,4,2019,18,2.0,8.0
305775137,305775149,233822655,4,4,2019,20,2.0,14.0
305775137,305775149,233822655,4,4,2019,22,2.0,15.0
305775137,305775149,233822655,5,4,2019,8,1.0,15.333333333333334
305775137,305775149,233822655,5,4,2019,9,1.0,16.5
305775137,305775149,233822655,5,4,2019,10,1.0,4.0
305775137,305775149,233822655,5,4,2019,11,1.0,18.0
305775137,305775149,233822655,5,4,2019,13,1.0,9.0
305775137,305775149,233822655,5,4,2019,15,1.0,9.0
305775137,305775149,233822655,5,4,2019,17,2.0,18.0
305775137,305775149,233822655,5,4,2019,19,2.0,12.0
305775137,305775149,233822655,5,4,2019,20,2.0,9.5
305775137,305775149,233822655,6,4,2019,0,0.0,15.0
305775137,305775149,233822655,6,4,2019,11,1.0,12.0
305775137,305775149,233822655,6,4,2019,12,1.0,7.0
305775137,305775149,233822655,6,4,2019,15,1.0,27.0
305775137,305775149,233822655,6,4,2019,16,2.0,12.5
305775137,305775149,233822655,6,4,2019,17,2.0,14.0
305775137,305775149,233822655,6,4,2019,18,2.0,13.0
305775137,305775149,233822655,6,4,2019,19,2.0,14.0
305775137,305775149,233822655,6,4,2019,23,2.0,13.0
305775137,305775149,233822655,7,4,2019,2,1.0,14.0
305775137,305775149,233822655,7,4,2019,10,1.0,16.0
305775137,305775149,233822655,7,4,2019,16,2.0,15.0
305775137,305775149,233822655,7,4,2019,17,2.0,18.0
305775137,305775149,233822655,7,4,2019,18,2.0,11.0
305775137,305775149,233822655,7,4,2019,20,2.0,17.0
305775137,305775149,233822655,8,4,2019,3,1.0,9.0
305775137,305775149,233822655,8,4,2019,7,1.0,54.0
305775137,305775149,233822655,8,4,2019,8,1.0,5.0
305775137,305775149,233822655,8,4,2019,9,1.0,12.0
305775137,305775149,233822655,8,4,2019,10,1.0,18.5
305775137,305775149,233822655,8,4,2019,11,1.0,15.0
305775137,305775149,233822655,8,4,2019,16,2.0,5.0
305775137,305775149,233822655,8,4,2019,17,2.0,18.0
305775137,305775149,233822655,8,4,2019,18,2.0,16.0
305775137,305775149,233822655,8,4,2019,19,2.0,15.0
305775137,305775149,233822655,8,4,2019,20,2.0,10.0
305775137,305775149,233822655,9,4,2019,5,1.0,16.0
305775137,305775149,233822655,9,4,2019,8,1.0,11.5
305775137,305775149,233822655,9,4,2019,9,1.0,8.0
305775137,305775149,233822655,9,4,2019,11,1.0,19.0
305775137,305775149,233822655,9,4,2019,12,1.0,15.0
305775137,305775149,233822655,9,4,2019,14,1.0,10.0
305775137,305775149,233822655,9,4,2019,19,2.0,19.5
305775137,305775149,233822655,10,4,2019,7,1.0,8.0
305775137,305775149,233822655,10,4,2019,8,1.0,18.75
305775137,305775149,233822655,10,4,2019,10,1.0,13.0
305775137,305775149,233822655,10,4,2019,11,1.0,10.5
305775137,305775149,233822655,10,4,2019,13,1.0,18.0
305775137,305775149,233822655,10,4,2019,15,1.0,14.0
305775137,305775149,233822655,10,4,2019,18,2.0,22.0
305775137,305775149,233822655,10,4,2019,19,2.0,12.0
305775137,305775149,233822655,10,4,2019,21,2.0,10.0
305775190,132939904,233822655,2,4,2019,10,1.0,15.0
305775190,132939904,233822655,2,4,2019,13,1.0,5.0
305775190,132939904,233822655,2,4,2019,14,1.0,5.0
305775190,132939904,233822655,3,4,2019,17,2.0,11.0
305775190,132939904,233822655,3,4,2019,19,2.0,11.0
305775190,132939904,233822655,4,4,2019,19,2.0,8.0
305775190,132939904,233822655,5,4,2019,17,2.0,21.0
305775190,132939904,233822655,5,4,2019,21,2.0,27.0
305775190,132939904,233822655,7,4,2019,4,1.0,12.0
305775190,132939904,233822655,7,4,2019,15,1.0,0.0
305775190,132939904,233822655,8,4,2019,13,1.0,21.0
305775190,132939904,233822655,8,4,2019,18,2.0,13.0
1719621640,1719621652,233822655,2,4,2019,1,1.0,30.0
1719621640,1719621652,233822655,2,4,2019,7,1.0,45.5
1719621640,1719621652,233822655,2,4,2019,20,2.0,22.0
1719621640,1719621652,233822655,2,4,2019,21,2.0,24.0
1719621640,1719621652,233822655,3,4,2019,5,1.0,25.0
1719621640,1719621652,233822655,3,4,2019,15,1.0,35.0
1719621640,1719621652,233822655,3,4,2019,16,2.0,48.0
1719621640,1719621652,233822655,3,4,2019,19,2.0,37.0
1719621640,1719621652,233822655,3,4,2019,23,2.0,40.0
1719621640,1719621652,233822655,4,4,2019,7,1.0,1.6666666666666667
1719621640,1719621652,233822655,4,4,2019,8,1.0,25.0
1719621640,1719621652,233822655,4,4,2019,9,1.0,28.0
1719621640,1719621652,233822655,4,4,2019,10,1.0,29.0
1719621640,1719621652,233822655,4,4,2019,12,1.0,37.0
1719621640,1719621652,233822655,4,4,2019,16,2.0,12.0
1719621640,1719621652,233822655,4,4,2019,22,2.0,25.0
1719621640,1719621652,233822655,5,4,2019,3,1.0,16.0
1719621640,1719621652,233822655,5,4,2019,6,1.0,0.0
1719621640,1719621652,233822655,5,4,2019,8,1.0,2.5
1719621640,1719621652,233822655,5,4,2019,14,1.0,2.3333333333333335
1719621640,1719621652,233822655,5,4,2019,21,2.0,33.0
1719621640,1719621652,233822655,6,4,2019,4,1.0,29.0
1719621640,1719621652,233822655,6,4,2019,17,2.0,26.0
1719621640,1719621652,233822655,7,4,2019,8,1.0,37.0
1719621640,1719621652,233822655,8,4,2019,10,1.0,11.5
1719621640,1719621652,233822655,8,4,2019,16,2.0,39.0
1719621640,1719621652,233822655,8,4,2019,22,2.0,26.0
1719621640,1719621652,233822655,9,4,2019,5,1.0,21.0
1719621640,1719621652,233822655,9,4,2019,20,2.0,40.5
1719621640,1719621652,233822655,9,4,2019,23,2.0,29.0
1719621640,1719621652,233822655,10,4,2019,0,0.0,32.0
1719621640,1719621652,233822655,10,4,2019,4,1.0,40.0
1719621640,1719621652,233822655,10,4,2019,12,1.0,20.0
1719621640,1719621652,233822655,10,4,2019,15,1.0,35.0
1719621652,132939919,233822655,4,4,2019,6,1.0,43.0
1719621652,132939919,233822655,4,4,2019,11,1.0,32.0
1719621652,132939919,233822655,10,4,2019,16,2.0,61.0
2206322570,2206322572,210551300,2,4,2019,0,0.0,29.0
2206322570,2206322572,210551300,2,4,2019,9,1.0,8.333333333333334
2206322570,2206322572,210551300,2,4,2019,10,1.0,7.666666666666667
2206322570,2206322572,210551300,2,4,2019,11,1.0,11.5
2206322570,2206322572,210551300,2,4,2019,15,1.0,6.0
2206322570,2206322572,210551300,2,4,2019,16,2.0,44.0
2206322570,2206322572,210551300,2,4,2019,18,2.0,7.6923076923076925
2206322570,2206322572,210551300,2,4,2019,19,2.0,7.0
2206322570,2206322572,210551300,3,4,2019,9,1.0,11.0
2206322570,2206322572,210551300,3,4,2019,10,1.0,5.947368421052632
2206322570,2206322572,210551300,3,4,2019,12,1.0,11.0
2206322570,2206322572,210551300,3,4,2019,16,2.0,4.5
2206322570,2206322572,210551300,3,4,2019,17,2.0,12.4
2206322570,2206322572,210551300,3,4,2019,19,2.0,6.333333333333333
2206322570,2206322572,210551300,3,4,2019,22,2.0,28.0
2206322570,2206322572,210551300,4,4,2019,1,1.0,11.0
2206322570,2206322572,210551300,4,4,2019,9,1.0,7.0
2206322570,2206322572,210551300,4,4,2019,13,1.0,29.0
2206322570,2206322572,210551300,4,4,2019,15,1.0,9.0
2206322570,2206322572,210551300,4,4,2019,17,2.0,9.0
2206322570,2206322572,210551300,4,4,2019,19,2.0,9.0
2206322570,2206322572,210551300,5,4,2019,7,1.0,15.5
2206322570,2206322572,210551300,5,4,2019,11,1.0,15.0
2206322570,2206322572,210551300,5,4,2019,12,1.0,50.5
2206322570,2206322572,210551300,5,4,2019,16,2.0,20.666666666666668
2206322570,2206322572,210551300,5,4,2019,18,2.0,9.0
2206322570,2206322572,210551300,5,4,2019,20,2.0,18.0
2206322570,2206322572,210551300,6,4,2019,0,0.0,3.5
2206322570,2206322572,210551300,6,4,2019,13,1.0,5.0
2206322570,2206322572,210551300,6,4,2019,14,1.0,6.25
2206322570,2206322572,210551300,6,4,2019,23,2.0,5.0
2206322570,2206322572,210551300,7,4,2019,0,0.0,16.0
2206322570,2206322572,210551300,7,4,2019,10,1.0,10.0
2206322570,2206322572,210551300,7,4,2019,12,1.0,18.166666666666668
2206322570,2206322572,210551300,7,4,2019,15,1.0,9.0
2206322570,2206322572,210551300,7,4,2019,16,2.0,10.0
2206322570,2206322572,210551300,7,4,2019,17,2.0,11.0
2206322570,2206322572,210551300,7,4,2019,18,2.0,23.5
2206322570,2206322572,210551300,7,4,2019,19,2.0,8.0
2206322570,2206322572,210551300,7,4,2019,22,2.0,14.0
2206322570,2206322572,210551300,8,4,2019,9,1.0,5.0
2206322570,2206322572,210551300,8,4,2019,14,1.0,31.0
2206322570,2206322572,210551300,8,4,2019,15,1.0,6.0
2206322570,2206322572,210551300,8,4,2019,16,2.0,34.0
2206322570,2206322572,210551300,8,4,2019,18,2.0,8.0
2206322570,2206322572,210551300,8,4,2019,19,2.0,9.0
2206322570,2206322572,210551300,8,4,2019,22,2.0,13.0
2206322570,2206322572,210551300,9,4,2019,4,1.0,27.0
2206322570,2206322572,210551300,9,4,2019,10,1.0,30.0
2206322570,2206322572,210551300,9,4,2019,13,1.0,7.0
2206322570,2206322572,210551300,9,4,2019,15,1.0,19.5
2206322570,2206322572,210551300,9,4,2019,16,2.0,10.0
2206322570,2206322572,210551300,9,4,2019,18,2.0,15.0
2206322570,2206322572,210551300,9,4,2019,20,2.0,21.5
2206322570,2206322572,210551300,9,4,2019,21,2.0,17.5
2206322570,2206322572,210551300,10,4,2019,13,1.0,23.0
2206322570,2206322572,210551300,10,4,2019,14,1.0,19.0
2206322570,2206322572,210551300,10,4,2019,15,1.0,12.0
2206322570,2206322572,210551300,10,4,2019,17,2.0,27.0
2206322570,2206322572,210551300,10,4,2019,21,2.0,11.0
2206322570,2206322572,210551300,10,4,2019,22,2.0,19.0
2206322570,2206322572,210551300,20,2,2019,18,2.0,9.5
2206322594,2206322468,241604571,2,4,2019,20,2.0,40.0
2206322594,2206322468,241604571,2,4,2019,22,2.0,23.0
2206322594,2206322468,241604571,3,4,2019,0,0.0,39.0
2206322594,2206322468,241604571,3,4,2019,3,1.0,22.0
2206322594,2206322468,241604571,3,4,2019,5,1.0,27.0
2206322594,2206322468,241604571,3,4,2019,16,2.0,39.0
2206322594,2206322468,241604571,3,4,2019,19,2.0,38.0
2206322594,2206322468,241604571,3,4,2019,20,2.0,32.0
2206322594,2206322468,241604571,3,4,2019,22,2.0,34.5
2206322594,2206322468,241604571,3,4,2019,23,2.0,37.666666666666664
2206322594,2206322468,241604571,4,4,2019,5,1.0,13.0
2206322594,2206322468,241604571,4,4,2019,12,1.0,36.0
2206322594,2206322468,241604571,4,4,2019,20,2.0,34.0
2206322594,2206322468,241604571,5,4,2019,22,2.0,21.0
2206322594,2206322468,241604571,6,4,2019,0,0.0,35.0
2206322594,2206322468,241604571,6,4,2019,4,1.0,35.0
2206322594,2206322468,241604571,6,4,2019,12,1.0,47.333333333333336
2206322594,2206322468,241604571,6,4,2019,15,1.0,42.0
2206322594,2206322468,241604571,6,4,2019,17,2.0,34.0
2206322594,2206322468,241604571,6,4,2019,19,2.0,41.0
2206322594,2206322468,241604571,6,4,2019,21,2.0,49.0
2206322594,2206322468,241604571,7,4,2019,1,1.0,36.0
2206322594,2206322468,241604571,7,4,2019,12,1.0,53.0
2206322594,2206322468,241604571,7,4,2019,13,1.0,47.77777777777778
2206322594,2206322468,241604571,7,4,2019,19,2.0,32.0
2206322594,2206322468,241604571,7,4,2019,20,2.0,35.0
2206322594,2206322468,241604571,8,4,2019,4,1.0,26.0
2206322594,2206322468,241604571,8,4,2019,11,1.0,36.0
2206322594,2206322468,241604571,8,4,2019,12,1.0,46.0
2206322594,2206322468,241604571,8,4,2019,16,2.0,34.0
2206322594,2206322468,241604571,9,4,2019,4,1.0,27.5
2206322594,2206322468,241604571,9,4,2019,8,1.0,31.0
2206322594,2206322468,241604571,9,4,2019,11,1.0,40.0
2206322594,2206322468,241604571,9,4,2019,13,1.0,56.0
2206322594,2206322468,241604571,9,4,2019,16,2.0,30.0
2206322594,2206322468,241604571,9,4,2019,17,2.0,27.0
2206322594,2206322468,241604571,9,4,2019,18,2.0,39.0
2206322594,2206322468,241604571,9,4,2019,19,2.0,31.0
2206322594,2206322468,241604571,9,4,2019,21,2.0,34.5
2206322594,2206322468,241604571,9,4,2019,23,2.0,35.0
2206322594,2206322468,241604571,10,4,2019,0,0.0,24.0
2206322594,2206322468,241604571,10,4,2019,4,1.0,35.0
2206322594,2206322468,241604571,10,4,2019,18,2.0,29.0
2206322594,2206322468,241604571,10,4,2019,22,2.0,19.0
2206327243,2206327276,210551738,2,4,2019,14,1.0,0.0
2206327243,2206327276,210551738,2,4,2019,16,2.0,2.5
2206327243,2206327276,210551738,2,4,2019,19,2.0,7.0
2206327243,2206327276,210551738,2,4,2019,23,2.0,35.0
2206327243,2206327276,210551738,3,4,2019,1,1.0,36.0
2206327243,2206327276,210551738,3,4,2019,5,1.0,38.0
2206327243,2206327276,210551738,3,4,2019,12,1.0,0.0
2206327243,2206327276,210551738,4,4,2019,10,1.0,33.0
2206327243,2206327276,210551738,4,4,2019,18,2.0,0.0
2206327243,2206327276,210551738,4,4,2019,23,2.0,27.0
2206327243,2206327276,210551738,5,4,2019,16,2.0,0.0
2206327243,2206327276,210551738,6,4,2019,0,0.0,46.0
2206327243,2206327276,210551738,6,4,2019,20,2.0,31.0
2206327243,2206327276,210551738,6,4,2019,23,2.0,74.0
2206327243,2206327276,210551738,7,4,2019,11,1.0,0.0
2206327243,2206327276,210551738,8,4,2019,14,1.0,41.0
2206327243,2206327276,210551738,8,4,2019,18,2.0,29.0
2206327243,2206327276,210551738,9,4,2019,6,1.0,42.0
2206327243,2206327276,210551738,9,4,2019,9,1.0,51.0
2206327243,2206327276,210551738,9,4,2019,11,1.0,0.0
2206327243,2206327276,210551738,9,4,2019,13,1.0,1.6666666666666667
2206327243,2206327276,210551738,9,4,2019,14,1.0,2.0
2206327243,2206327276,210551738,9,4,2019,22,2.0,25.0
2206327243,2206327276,210551738,10,4,2019,10,1.0,5.0
2206327243,2206327276,210551738,10,4,2019,18,2.0,3.0
2421506899,2700233840,23378734,2,4,2019,10,1.0,0.0
2421506899,2700233840,23378734,2,4,2019,11,1.0,11.0
2421506899,2700233840,23378734,2,4,2019,17,2.0,7.5
2421506899,2700233840,23378734,2,4,2019,19,2.0,15.666666666666666
2421506899,2700233840,23378734,3,4,2019,3,1.0,22.0
2421506899,2700233840,23378734,3,4,2019,7,1.0,25.0
2421506899,2700233840,23378734,3,4,2019,9,1.0,9.0
2421506899,2700233840,23378734,3,4,2019,14,1.0,24.0
2421506899,2700233840,23378734,3,4,2019,15,1.0,10.0
2421506899,2700233840,23378734,3,4,2019,16,2.0,10.0
2421506899,2700233840,23378734,3,4,2019,17,2.0,9.666666666666666
2421506899,2700233840,23378734,3,4,2019,18,2.0,18.0
2421506899,2700233840,23378734,3,4,2019,19,2.0,7.0
2421506899,2700233840,23378734,3,4,2019,21,2.0,28.0
2421506899,2700233840,23378734,4,4,2019,10,1.0,18.0
2421506899,2700233840,23378734,4,4,2019,11,1.0,3.5
2421506899,2700233840,23378734,4,4,2019,14,1.0,9.0
2421506899,2700233840,23378734,4,4,2019,15,1.0,12.055555555555555
2421506899,2700233840,23378734,4,4,2019,16,2.0,4.0
2421506899,2700233840,23378734,4,4,2019,19,2.0,7.0
2421506899,2700233840,23378734,4,4,2019,20,2.0,9.666666666666666
2421506899,2700233840,23378734,4,4,2019,22,2.0,30.0
2421506899,2700233840,23378734,5,4,2019,4,1.0,7.0
2421506899,2700233840,23378734,5,4,2019,8,1.0,3.0
2421506899,2700233840,23378734,5,4,2019,10,1.0,32.0
2421506899,2700233840,23378734,5,4,2019,12,1.0,20.0
2421506899,2700233840,23378734,5,4,2019,14,1.0,7.0
2421506899,2700233840,23378734,5,4,2019,16,2.0,5.0
2421506899,2700233840,23378734,5,4,2019,17,2.0,13.0
2421506899,2700233840,23378734,5,4,2019,19,2.0,6.0
2421506899,2700233840,23378734,5,4,2019,21,2.0,6.5
2421506899,2700233840,23378734,5,4,2019,22,2.0,8.0
2421506899,2700233840,23378734,5,4,2019,23,2.0,27.0
2421506899,2700233840,23378734,6,4,2019,9,1.0,0.0
2421506899,2700233840,23378734,6,4,2019,13,1.0,6.0
2421506899,2700233840,23378734,6,4,2019,14,1.0,24.0
2421506899,2700233840,23378734,6,4,2019,15,1.0,30.0
2421506899,2700233840,23378734,6,4,2019,16,2.0,6.5
2421506899,2700233840,23378734,6,4,2019,17,2.0,6.5
2421506899,2700233840,23378734,6,4,2019,19,2.0,5.666666666666667
2421506899,2700233840,23378734,6,4,2019,20,2.0,21.0
2421506899,2700233840,23378734,6,4,2019,22,2.0,7.0
2421506899,2700233840,23378734,7,4,2019,3,1.0,6.5
2421506899,2700233840,23378734,7,4,2019,4,1.0,4.5
2421506899,2700233840,23378734,7,4,2019,10,1.0,8.0
2421506899,2700233840,23378734,7,4,2019,16,2.0,5.0
2421506899,2700233840,23378734,7,4,2019,17,2.0,3.5
2421506899,2700233840,23378734,7,4,2019,18,2.0,13.0
2421506899,2700233840,23378734,7,4,2019,19,2.0,5.0
2421506899,2700233840,23378734,7,4,2019,20,2.0,8.0
2421506899,2700233840,23378734,7,4,2019,21,2.0,1.5
2421506899,2700233840,23378734,7,4,2019,23,2.0,10.0
2421506899,2700233840,23378734,8,4,2019,0,0.0,27.0
2421506899,2700233840,23378734,8,4,2019,8,1.0,0.0
2421506899,2700233840,23378734,8,4,2019,10,1.0,10.0
2421506899,2700233840,23378734,8,4,2019,12,1.0,17.0
2421506899,2700233840,23378734,8,4,2019,15,1.0,9.0
2421506899,2700233840,23378734,8,4,2019,16,2.0,14.0
2421506899,2700233840,23378734,8,4,2019,17,2.0,5.5
2421506899,2700233840,23378734,8,4,2019,18,2.0,10.333333333333334
2421506899,2700233840,23378734,8,4,2019,19,2.0,6.25
2421506899,2700233840,23378734,8,4,2019,20,2.0,23.5
2421506899,2700233840,23378734,8,4,2019,21,2.0,5.0
2421506899,2700233840,23378734,9,4,2019,8,1.0,3.3333333333333335
2421506899,2700233840,23378734,9,4,2019,9,1.0,17.0
2421506899,2700233840,23378734,9,4,2019,10,1.0,12.0
2421506899,2700233840,23378734,9,4,2019,11,1.0,7.0
2421506899,2700233840,23378734,9,4,2019,14,1.0,15.0
2421506899,2700233840,23378734,9,4,2019,15,1.0,3.0
2421506899,2700233840,23378734,9,4,2019,16,2.0,26.0
2421506899,2700233840,23378734,9,4,2019,18,2.0,12.666666666666666
2421506899,2700233840,23378734,9,4,2019,19,2.0,17.5
2421506899,2700233840,23378734,9,4,2019,20,2.0,12.0
2421506899,2700233840,23378734,9,4,2019,23,2.0,7.0
2421506899,2700233840,23378734,10,4,2019,7,1.0,16.0
2421506899,2700233840,23378734,10,4,2019,10,1.0,0.0
2421506899,2700233840,23378734,10,4,2019,14,1.0,7.0
2421506899,2700233840,23378734,10,4,2019,17,2.0,3.0
2421506899,2700233840,23378734,10,4,2019,18,2.0,4.857142857142857
2421506899,2700233840,23378734,10,4,2019,19,2.0,2.5
2421506899,2700233840,23378734,10,4,2019,21,2.0,6.666666666666667
2656375892,2656381702,210551738,2,4,2019,16,2.0,1.6666666666666667
2656375892,2656381702,210551738,2,4,2019,23,2.0,46.0
2656375892,2656381702,210551738,3,4,2019,22,2.0,33.0
2656375892,2656381702,210551738,5,4,2019,18,2.0,44.0
2656375892,2656381702,210551738,6,4,2019,19,2.0,29.0
2656375892,2656381702,210551738,8,4,2019,22,2.0,42.0
2656375892,2656381702,210551738,9,4,2019,8,1.0,45.0
2656375892,2656381702,210551738,9,4,2019,13,1.0,0.0
2656381702,2206327243,210551738,2,4,2019,13,1.0,0.75
2656381702,2206327243,210551738,2,4,2019,14,1.0,0.0
2656381702,2206327243,210551738,2,4,2019,15,1.0,0.0
2656381702,2206327243,210551738,2,4,2019,16,2.0,2.0
2656381702,2206327243,210551738,2,4,2019,19,2.0,15.0
2656381702,2206327243,210551738,3,4,2019,11,1.0,10.0
2656381702,2206327243,210551738,3,4,2019,19,2.0,5.0
2656381702,2206327243,210551738,4,4,2019,12,1.0,0.0
2656381702,2206327243,210551738,4,4,2019,22,2.0,32.0
2656381702,2206327243,210551738,4,4,2019,23,2.0,40.0
2656381702,2206327243,210551738,5,4,2019,14,1.0,35.0
2656381702,2206327243,210551738,5,4,2019,23,2.0,45.0
2656381702,2206327243,210551738,6,4,2019,1,1.0,44.0
2656381702,2206327243,210551738,6,4,2019,7,1.0,43.0
2656381702,2206327243,210551738,8,4,2019,10,1.0,48.0
2656381702,2206327243,210551738,8,4,2019,15,1.0,0.0
2656381702,2206327243,210551738,8,4,2019,17,2.0,49.0
2656381702,2206327243,210551738,8,4,2019,18,2.0,35.0
2656381702,2206327243,210551738,9,4,2019,0,0.0,38.0
2656381702,2206327243,210551738,9,4,2019,11,1.0,4.0
2656381702,2206327243,210551738,9,4,2019,13,1.0,0.0
2656381702,2206327243,210551738,9,4,2019,16,2.0,31.0
2656381702,2206327243,210551738,9,4,2019,18,2.0,34.0
2656381702,2206327243,210551738,9,4,2019,23,2.0,21.0
2656381702,2206327243,210551738,10,4,2019,2,1.0,38.0
2656381702,2206327243,210551738,10,4,2019,16,2.0,50.0
2656381702,2206327243,210551738,10,4,2019,18,2.0,2.5
2700233840,4902663724,23378734,4,4,2019,15,1.0,15.0
3328639930,4318423431,210551300,2,4,2019,8,1.0,11.0
3328639930,4318423431,210551300,2,4,2019,13,1.0,6.0
3328639930,4318423431,210551300,2,4,2019,15,1.0,10.666666666666666
3328639930,4318423431,210551300,2,4,2019,18,2.0,20.75
3328639930,4318423431,210551300,3,4,2019,8,1.0,13.5
3328639930,4318423431,210551300,3,4,2019,9,1.0,10.0
3328639930,4318423431,210551300,3,4,2019,11,1.0,12.0
3328639930,4318423431,210551300,3,4,2019,13,1.0,37.0
3328639930,4318423431,210551300,3,4,2019,15,1.0,7.0
3328639930,4318423431,210551300,3,4,2019,17,2.0,15.142857142857142
3328639930,4318423431,210551300,3,4,2019,18,2.0,7.0
3328639930,4318423431,210551300,3,4,2019,19,2.0,10.0
3328639930,4318423431,210551300,3,4,2019,20,2.0,17.5
3328639930,4318423431,210551300,4,4,2019,2,1.0,28.0
3328639930,4318423431,210551300,4,4,2019,10,1.0,11.0
3328639930,4318423431,210551300,4,4,2019,13,1.0,12.0
3328639930,4318423431,210551300,4,4,2019,16,2.0,11.0
3328639930,4318423431,210551300,4,4,2019,18,2.0,9.0
3328639930,4318423431,210551300,4,4,2019,19,2.0,7.0
3328639930,4318423431,210551300,5,4,2019,1,1.0,38.0
3328639930,4318423431,210551300,5,4,2019,4,1.0,9.5
3328639930,4318423431,210551300,5,4,2019,9,1.0,5.0
3328639930,4318423431,210551300,5,4,2019,10,1.0,10.0
3328639930,4318423431,210551300,5,4,2019,11,1.0,12.0
3328639930,4318423431,210551300,5,4,2019,12,1.0,49.5
3328639930,4318423431,210551300,5,4,2019,16,2.0,22.0
3328639930,4318423431,210551300,5,4,2019,19,2.0,11.0
3328639930,4318423431,210551300,5,4,2019,22,2.0,19.0
3328639930,4318423431,210551300,6,4,2019,9,1.0,18.0
3328639930,4318423431,210551300,6,4,2019,17,2.0,0.0
3328639930,4318423431,210551300,6,4,2019,19,2.0,13.0
3328639930,4318423431,210551300,7,4,2019,12,1.0,16.0
3328639930,4318423431,210551300,7,4,2019,13,1.0,7.0
3328639930,4318423431,210551300,7,4,2019,14,1.0,22.0
3328639930,4318423431,210551300,7,4,2019,15,1.0,9.0
3328639930,4318423431,210551300,7,4,2019,18,2.0,10.5
3328639930,4318423431,210551300,7,4,2019,19,2.0,7.0
3328639930,4318423431,210551300,7,4,2019,20,2.0,6.0
3328639930,4318423431,210551300,8,4,2019,0,0.0,22.0
3328639930,4318423431,210551300,8,4,2019,6,1.0,12.0
3328639930,4318423431,210551300,8,4,2019,9,1.0,6.0
3328639930,4318423431,210551300,8,4,2019,10,1.0,6.0
3328639930,4318423431,210551300,8,4,2019,11,1.0,16.0
3328639930,4318423431,210551300,8,4,2019,12,1.0,17.0
3328639930,4318423431,210551300,8,4,2019,16,2.0,24.0
3328639930,4318423431,210551300,8,4,2019,19,2.0,11.5
3328639930,4318423431,210551300,8,4,2019,20,2.0,7.5
3328639930,4318423431,210551300,9,4,2019,0,0.0,16.0
3328639930,4318423431,210551300,9,4,2019,4,1.0,27.0
3328639930,4318423431,210551300,9,4,2019,5,1.0,4.0
3328639930,4318423431,210551300,9,4,2019,7,1.0,10.0
3328639930,4318423431,210551300,9,4,2019,9,1.0,9.0
3328639930,4318423431,210551300,9,4,2019,11,1.0,24.0
3328639930,4318423431,210551300,9,4,2019,13,1.0,7.0
3328639930,4318423431,210551300,9,4,2019,14,1.0,11.5
3328639930,4318423431,210551300,9,4,2019,15,1.0,0.0
3328639930,4318423431,210551300,9,4,2019,17,2.0,21.0
3328639930,4318423431,210551300,9,4,2019,18,2.0,12.0
3328639930,4318423431,210551300,9,4,2019,20,2.0,9.5
3328639930,4318423431,210551300,9,4,2019,23,2.0,14.0
3328639930,4318423431,210551300,10,4,2019,0,0.0,8.0
3328639930,4318423431,210551300,10,4,2019,7,1.0,9.0
3328639930,4318423431,210551300,10,4,2019,10,1.0,10.0
3328639930,4318423431,210551300,10,4,2019,11,1.0,6.0
3328639930,4318423431,210551300,10,4,2019,21,2.0,6.0
3328639930,4318423431,210551300,10,4,2019,23,2.0,25.0
3442879164,3443346120,23056019,2,4,2019,7,1.0,6.0
3442879164,3443346120,23056019,2,4,2019,8,1.0,57.333333333333336
3442879164,3443346120,23056019,2,4,2019,9,1.0,15.0
3442879164,3443346120,23056019,2,4,2019,10,1.0,26.0
3442879164,3443346120,23056019,2,4,2019,11,1.0,35.0
3442879164,3443346120,23056019,2,4,2019,13,1.0,21.0
3442879164,3443346120,23056019,2,4,2019,15,1.0,21.666666666666668
3442879164,3443346120,23056019,2,4,2019,21,2.0,11.0
3442879164,3443346120,23056019,2,4,2019,23,2.0,39.0
3442879164,3443346120,23056019,3,4,2019,0,0.0,48.0
3442879164,3443346120,23056019,3,4,2019,6,1.0,6.0
3442879164,3443346120,23056019,3,4,2019,7,1.0,14.0
3442879164,3443346120,23056019,3,4,2019,9,1.0,48.5
3442879164,3443346120,23056019,3,4,2019,10,1.0,6.32
3442879164,3443346120,23056019,3,4,2019,12,1.0,10.5
3442879164,3443346120,23056019,3,4,2019,15,1.0,7.0
3442879164,3443346120,23056019,3,4,2019,17,2.0,9.0
3442879164,3443346120,23056019,3,4,2019,18,2.0,6.0
3442879164,3443346120,23056019,3,4,2019,19,2.0,8.666666666666666
3442879164,3443346120,23056019,3,4,2019,22,2.0,66.0
3442879164,3443346120,23056019,4,4,2019,7,1.0,17.0
3442879164,3443346120,23056019,4,4,2019,9,1.0,36.0
3442879164,3443346120,23056019,4,4,2019,10,1.0,10.0
3442879164,3443346120,23056019,4,4,2019,14,1.0,24.0
3442879164,3443346120,23056019,4,4,2019,16,2.0,5.0
3442879164,3443346120,23056019,4,4,2019,19,2.0,21.5
3442879164,3443346120,23056019,5,4,2019,4,1.0,11.0
3442879164,3443346120,23056019,5,4,2019,7,1.0,14.0
3442879164,3443346120,23056019,5,4,2019,10,1.0,32.6
3442879164,3443346120,23056019,5,4,2019,12,1.0,15.0
3442879164,3443346120,23056019,5,4,2019,15,1.0,30.0
3442879164,3443346120,23056019,5,4,2019,16,2.0,21.0
3442879164,3443346120,23056019,5,4,2019,17,2.0,47.0
3442879164,3443346120,23056019,5,4,2019,18,2.0,11.5
3442879164,3443346120,23056019,5,4,2019,20,2.0,9.0
3442879164,3443346120,23056019,6,4,2019,3,1.0,13.666666666666666
3442879164,3443346120,23056019,6,4,2019,8,1.0,37.4
3442879164,3443346120,23056019,6,4,2019,9,1.0,13.0
3442879164,3443346120,23056019,6,4,2019,11,1.0,31.0
3442879164,3443346120,23056019,6,4,2019,13,1.0,14.0
3442879164,3443346120,23056019,6,4,2019,14,1.0,40.0
3442879164,3443346120,23056019,6,4,2019,17,2.0,30.0
3442879164,3443346120,23056019,6,4,2019,18,2.0,7.0
3442879164,3443346120,23056019,6,4,2019,19,2.0,13.0
3442879164,3443346120,23056019,6,4,2019,23,2.0,24.0
3442879164,3443346120,23056019,7,4,2019,0,0.0,6.0
3442879164,3443346120,23056019,7,4,2019,1,1.0,14.5
3442879164,3443346120,23056019,7,4,2019,7,1.0,15.0
3442879164,3443346120,23056019,7,4,2019,10,1.0,9.0
3442879164,3443346120,23056019,7,4,2019,12,1.0,10.0
3442879164,3443346120,23056019,7,4,2019,14,1.0,21.0
3442879164,3443346120,23056019,7,4,2019,15,1.0,22.0
3442879164,3443346120,23056019,7,4,2019,16,2.0,9.0
3442879164,3443346120,23056019,7,4,2019,17,2.0,19.0
3442879164,3443346120,23056019,7,4,2019,18,2.0,10.0
3442879164,3443346120,23056019,7,4,2019,19,2.0,16.0
3442879164,3443346120,23056019,8,4,2019,1,1.0,24.0
3442879164,3443346120,23056019,8,4,2019,9,1.0,8.75
3442879164,3443346120,23056019,8,4,2019,10,1.0,19.0
3442879164,3443346120,23056019,8,4,2019,15,1.0,19.0
3442879164,3443346120,23056019,8,4,2019,19,2.0,12.0
3442879164,3443346120,23056019,8,4,2019,22,2.0,23.0
3442879164,3443346120,23056019,9,4,2019,5,1.0,7.0
3442879164,3443346120,23056019,9,4,2019,7,1.0,14.5
3442879164,3443346120,23056019,9,4,2019,9,1.0,41.0
3442879164,3443346120,23056019,9,4,2019,10,1.0,10.0
3442879164,3443346120,23056019,9,4,2019,13,1.0,23.5
3442879164,3443346120,23056019,9,4,2019,14,1.0,12.0
3442879164,3443346120,23056019,9,4,2019,16,2.0,8.0
3442879164,3443346120,23056019,9,4,2019,17,2.0,25.0
3442879164,3443346120,23056019,9,4,2019,19,2.0,37.0
3442879164,3443346120,23056019,9,4,2019,20,2.0,12.0
3442879164,3443346120,23056019,10,4,2019,4,1.0,48.0
3442879164,3443346120,23056019,10,4,2019,7,1.0,12.0
3442879164,3443346120,23056019,10,4,2019,10,1.0,23.0
3442879164,3443346120,23056019,10,4,2019,11,1.0,7.0
3442879164,3443346120,23056019,10,4,2019,13,1.0,9.0
3442879164,3443346120,23056019,10,4,2019,14,1.0,18.5
3442879164,3443346120,23056019,10,4,2019,15,1.0,10.0
3442879164,3443346120,23056019,10,4,2019,17,2.0,22.666666666666668
3442879164,3443346120,23056019,10,4,2019,21,2.0,14.0
3442879164,3443346120,23056019,10,4,2019,23,2.0,10.0
3903103775,5222162238,233822655,2,4,2019,4,1.0,32.0
3903103775,5222162238,233822655,2,4,2019,14,1.0,20.5
3903103775,5222162238,233822655,2,4,2019,16,2.0,39.0
3903103775,5222162238,233822655,2,4,2019,18,2.0,19.0
3903103775,5222162238,233822655,2,4,2019,19,2.0,11.0
3903103775,5222162238,233822655,2,4,2019,20,2.0,25.0
3903103775,5222162238,233822655,3,4,2019,14,1.0,19.0
3903103775,5222162238,233822655,3,4,2019,17,2.0,0.0
3903103775,5222162238,233822655,3,4,2019,18,2.0,0.0
3903103775,5222162238,233822655,3,4,2019,19,2.0,0.23255813953488372
3903103775,5222162238,233822655,3,4,2019,20,2.0,7.0
3903103775,5222162238,233822655,4,4,2019,14,1.0,0.0
3903103775,5222162238,233822655,4,4,2019,20,2.0,18.0
3903103775,5222162238,233822655,4,4,2019,21,2.0,4.25
3903103775,5222162238,233822655,4,4,2019,22,2.0,5.0
3903103775,5222162238,233822655,5,4,2019,12,1.0,15.0
3903103775,5222162238,233822655,5,4,2019,17,2.0,54.0
3903103775,5222162238,233822655,6,4,2019,21,2.0,44.0
3903103775,5222162238,233822655,7,4,2019,9,1.0,47.0
3903103775,5222162238,233822655,7,4,2019,13,1.0,57.0
3903103775,5222162238,233822655,8,4,2019,10,1.0,14.0
3903103775,5222162238,233822655,9,4,2019,9,1.0,18.0
3903103775,5222162238,233822655,9,4,2019,12,1.0,9.0
3903103775,5222162238,233822655,9,4,2019,17,2.0,19.0
3903103775,5222162238,233822655,9,4,2019,19,2.0,20.0
3903103775,5222162238,233822655,10,4,2019,10,1.0,14.5
3903103775,5222162238,233822655,10,4,2019,19,2.0,15.75
4902663725,4902663724,23378734,7,4,2019,18,2.0,14.0
6975572516,36202832,23378734,2,4,2019,11,1.0,67.0
6975572516,36202832,23378734,3,4,2019,9,1.0,0.0
6975572516,36202832,23378734,3,4,2019,18,2.0,11.0
6975572516,36202832,23378734,4,4,2019,12,1.0,34.0
6975572516,36202832,23378734,4,4,2019,15,1.0,40.2
6975572516,36202832,23378734,5,4,2019,2,1.0,43.0
6975572516,36202832,23378734,5,4,2019,9,1.0,0.0
6975572516,36202832,23378734,5,4,2019,21,2.0,42.0
6975572516,36202832,23378734,6,4,2019,10,1.0,28.0
6975572516,36202832,23378734,6,4,2019,12,1.0,36.0
6975572516,36202832,23378734,6,4,2019,20,2.0,10.0
6975572516,36202832,23378734,7,4,2019,7,1.0,28.0
6975572516,36202832,23378734,8,4,2019,10,1.0,7.333333333333333
6975572516,36202832,23378734,8,4,2019,14,1.0,35.0
6975572516,36202832,23378734,9,4,2019,19,2.0,0.0
6975572516,36202832,23378734,10,4,2019,18,2.0,6.5
6975572516,36202832,23378734,10,4,2019,21,2.0,26.0
